baseMean,log2FoldChange,lfcSE,stat,pvalue,padj,Genus,Species,sig
459.0693285,-26.79346306,3.026256712,-8.853664976,8.47E-19,3.39E-16,g__Gastranaerophilales,s__Candidatus_Gastranaerophilales_bacterium_HUM_6,Depleted
419.780409,26.23066373,3.026278299,8.667631042,4.41E-18,8.82E-16,g__Pseudoclostridium,s__Pseudoclostridium_thermosuccinogenes,Enriched
245.5714216,-25.93962774,3.026315401,-8.571356356,1.02E-17,1.36E-15,g__Ruminiclostridium,s__Ruminiclostridium_herbifermentans,Depleted
227.9042468,-25.83404894,3.026325187,-8.536441838,1.38E-17,1.38E-15,p__Bacillota,s__Firmicutes_bacterium_AM59-13,Depleted
366.2224239,25.66667367,3.026291749,8.481229109,2.23E-17,1.78E-15,g__Pumilibacter,s__Pumilibacter_muris,Enriched
102.8982574,24.26798697,3.02656031,8.018339132,1.07E-15,7.15E-14,g__Intestinimonas,s__Intestinimonas_timonensis,Enriched
145.1439955,24.10953662,3.026451602,7.96627199,1.64E-15,9.34E-14,g__Acetivibrio,s__Acetivibrio_cellulolyticus,Enriched
23029.89205,-5.618818927,0.841633454,-6.676087914,2.45E-11,1.23E-09,g__Kineothrix,s__Kineothrix_sp._MB12-C1,Depleted
729351.0124,-3.021848856,0.533562563,-5.663532386,1.48E-08,6.59E-07,g__Ileibacterium,s__Ileibacterium_valens,Depleted
34182.26211,-6.884529379,1.380333772,-4.987583088,6.11E-07,2.45E-05,g__Kineothrix,s__Kineothrix_alysoides,Depleted
12950.8953,-2.725656282,0.563303652,-4.838698046,1.31E-06,4.75E-05,g__Acetivibrio,s__Acetivibrio_cellulolyticus,Depleted
17080.84895,-1.791439438,0.372770439,-4.805744366,1.54E-06,5.14E-05,g__Parapedobacter,s__Parapedobacter_pyrenivorans,Depleted
173.9664797,11.06806862,2.522305035,4.388076965,1.14E-05,0.000351869,g__Phocaeicola,s__Phocaeicola_sartorii,Enriched
13220.6366,1.619575684,0.373648014,4.334495625,1.46E-05,0.000417413,g__Clostridium,s__Clostridium_scindens,Enriched
1691568.235,2.190096457,0.568969364,3.849234417,0.000118488,0.003159669,g__Allobaculum,s__Allobaculum_fili,Enriched
245.151731,11.56271076,3.02634355,3.820686768,0.000133081,0.003327015,g__Borkfalkia,s__Candidatus_Borkfalkia_ceftriaxoniphila,Enriched
8057.425938,3.453345297,0.964424373,3.580732085,0.000342633,0.008061949,f__Lachnospiraceae,s__unclassified_f__Lachnospiraceae,Enriched
6055.435391,-2.011924283,0.585757096,-3.434741631,0.000593119,0.013180423,o__Burkholderiales,s__Burkholderiales_bacterium_YL45,Depleted
122.2525337,-10.27934464,3.026442652,-3.396510631,0.000682509,0.013650181,g__Alistipes,s__unclassified_g__Alistipes,Depleted
102.5846075,10.30591359,3.02656151,3.405155837,0.000661263,0.013650181,g__Muribaculum,s__Muribaculum_intestinale,Enriched
42019.23923,4.412820252,1.331117268,3.315125089,0.000916021,0.017448024,g__Lachnoclostridium,s__Lachnoclostridium_sp._MSJ-17,Enriched
98.93881726,-9.97408795,3.026502369,-3.295582403,0.000982179,0.017857799,g__Lachnoclostridium,s__Lachnoclostridium_edouardi,Depleted
75.89720549,9.871208867,3.026693292,3.261383932,0.001108698,0.019281706,g__Diplocloster,s__Diplocloster_modestus,Enriched
17824.36248,4.206167509,1.331576188,3.158788469,0.001584264,0.026404406,f__Lachnospiraceae,s__Lachnospiraceae_bacterium_M18-1,Enriched
3225.031458,1.96563087,0.633444868,3.103081213,0.001915171,0.030642732,g__Ruminococcus,s__Ruminococcus_sp._5_1_39BFAA,Enriched
6186.19101,-6.331043925,2.069248641,-3.059585881,0.002216432,0.032875804,g__Fusimonas,s__Fusimonas_intestini,Depleted
57.63159736,-9.194447051,3.026726785,-3.037752563,0.002383496,0.032875804,f__Oscillospiraceae,s__unclassified_f__Oscillospiraceae,Depleted
5611.818388,-3.207565243,1.049327945,-3.056780541,0.00223728,0.032875804,g__Prevotella,s__Prevotella_sp._MGM1,Depleted
5671.569514,-4.034752534,1.327889636,-3.038469784,0.002377829,0.032875804,g__Ruminococcus,s__Ruminococcus_sp._zg-924,Depleted
1791.960985,2.37677914,0.797145538,2.981612551,0.002867346,0.038231284,g__Alistipes,s__Alistipes_sp._CHKCI003,Enriched
45264.12401,-5.910822897,1.989785102,-2.970583552,0.002972345,0.038352844,g__Clostridium,s__Clostridium_sp._KLE_1755,Depleted
3591.770589,-1.924694187,0.663547988,-2.900610391,0.003724366,0.046554579,g__Paramuribaculum,s__Paramuribaculum_intestinale,Depleted
11316.30805,1.368097295,0.491832813,2.781630787,0.005408653,0.065559434,g__unclassified_f__Lachnospiraceae,s__unclassified_f__Lachnospiraceae,Unchanged
4781.945303,2.122010226,0.774886777,2.738477788,0.006172433,0.072616859,g__Bacteroides,s__Bacteroides_caecimuris,Unchanged
13368.97365,2.419719904,0.92627515,2.612312231,0.008993208,0.102779519,g__Solibaculum,s__Solibaculum_mannosilyticum,Unchanged
1022.299572,-1.962996098,0.764823666,-2.566599579,0.010270113,0.114112369,g__Anaerotruncus,s__Anaerotruncus_sp._80,Unchanged
10706.41757,-1.87662904,0.7379271,-2.543108987,0.010987095,0.118779408,g__Clostridium,s__Clostridium_transplantifaecale,Unchanged
3148.592491,1.881578298,0.754939627,2.492355987,0.012689878,0.122323099,g__Kineothrix,s__Kineothrix_alysoides,Unchanged
27019.78768,-2.456672019,0.982812599,-2.499634235,0.012432159,0.122323099,g__Clostridium,s__Clostridium_sp._Culture-41,Unchanged
2189.330698,-5.891026742,2.351331609,-2.505400224,0.01223129,0.122323099,g__Fusimonas,s__Fusimonas_intestini,Unchanged
10309.55917,-1.740763515,0.693642026,-2.50959926,0.012086824,0.122323099,g__norank_f__Porphyromonadaceae,s__Porphyromonadaceae_bacterium_UBA7139,Unchanged
174402.8635,1.305994502,0.524903106,2.488067775,0.012843925,0.122323099,g__Desulfovibrio,s__Desulfovibrio_desulfuricans,Unchanged
19598.6905,-1.569819423,0.639125986,-2.456197146,0.01404161,0.130619629,g__Muribaculum,s__Muribaculum_intestinale,Unchanged
15110.83104,-1.232439939,0.50509131,-2.440033937,0.014685882,0.13350802,g__Muribaculum,s__Muribaculum_intestinale,Unchanged
7161.210546,2.298971341,0.952018362,2.414839285,0.015742154,0.139930258,g__Huintestinicola,s__Huintestinicola_butyrica,Unchanged
15393.35887,-1.544566018,0.649962392,-2.376392908,0.017482836,0.150112909,g__norank_f__Lachnospiraceae,s__Lachnospiraceae_bacterium_M18-1,Unchanged
4314.131431,-2.238867853,0.943425789,-2.373125559,0.017638267,0.150112909,g__norank_d__Bacteria,s__bacterium_1XD8-76,Unchanged
14029.65881,3.524846662,1.513879221,2.328353948,0.019893317,0.165777641,g__norank_f__Oscillospiraceae,s__Eubacterium_siraeum,Unchanged
1706.015588,-2.868770685,1.240975862,-2.311705466,0.02079392,0.169746285,g__Fusimonas,s__Fusimonas_intestini,Unchanged
99411.19758,-1.922603064,0.85683864,-2.243833289,0.02484313,0.198745037,g__Faecalibaculum,s__Faecalibaculum_rodentium,Unchanged
3422.434697,-1.520756964,0.69901448,-2.175572906,0.029587211,0.232056558,g__norank_d__Bacteria,s__bacterium_1XD8-76,Unchanged
5610.403439,1.1653824,0.537852709,2.166731487,0.030255334,0.232733341,g__Enterocloster,s__Enterocloster_bolteae,Unchanged
2227.608113,5.920190573,2.756108238,2.148025426,0.031711736,0.239333854,g__Clostridium,s__unclassified_g__Clostridium,Unchanged
3692.109581,1.700115225,0.798115647,2.130161502,0.033158282,0.245616906,g__Odoribacter,s__Odoribacter_sp._Z80,Unchanged
4911.259822,-2.714000354,1.284409925,-2.113032841,0.034597957,0.251621506,g__Muricomes,s__Muricomes_intestini,Unchanged
78063.31538,2.366086732,1.126737721,2.099944547,0.035733719,0.255240853,g__Gallintestinimicrobium,s__Gallintestinimicrobium_propionicum,Unchanged
3810.471618,0.880141095,0.423222672,2.079617073,0.03756067,0.259039101,g__unclassified_f__Lachnospiraceae,s__unclassified_f__Lachnospiraceae,Unchanged
2821.400094,5.54534897,2.65973108,2.084928439,0.037075797,0.259039101,g__Klebsiella,s__Klebsiella_michiganensis,Unchanged
5699.680987,-2.043702272,0.996246629,-2.051401944,0.04022782,0.27120995,g__norank_f__Erysipelotrichaceae,s__Erysipelotrichaceae_bacterium_OPF54,Unchanged
4059.199022,-2.96162614,1.447082002,-2.046619428,0.040695466,0.27120995,g__Kineothrix,s__Kineothrix_alysoides,Unchanged
11898.41904,-0.686580952,0.337693493,-2.033148302,0.042037542,0.27120995,g__norank_f__Porphyromonadaceae,s__Porphyromonadaceae_bacterium_UBA7139,Unchanged
6461.584583,1.8551982,0.911941973,2.03433799,0.041917529,0.27120995,g__norank_f__Lachnospiraceae,s__Lachnospiraceae_bacterium_GAM79,Unchanged
2260.043402,-2.764248585,1.365422676,-2.024463658,0.042922468,0.272523604,g__Clostridium,s__Clostridium_sp._Clone-49,Unchanged
2150.693308,-2.759969463,1.382757393,-1.995989663,0.045935048,0.286711025,g__Leptogranulimonas,s__Leptogranulimonas_caecicola,Unchanged
1862.846421,1.893745871,0.95162938,1.990003577,0.046590541,0.286711025,g__Acutalibacter,s__Acutalibacter_sp._1XD8-36,Unchanged
7100.78323,-2.097402625,1.076165844,-1.948958551,0.051300375,0.28970099,g__Petroclostridium,s__Petroclostridium_xylanilyticum,Unchanged
2327.279538,-1.222367505,0.627517463,-1.947941814,0.051421926,0.28970099,g__unclassified_f__Clostridiaceae,s__unclassified_f__Clostridiaceae,Unchanged
7463.551834,-2.008420503,1.018094394,-1.972725235,0.048526875,0.28970099,g__norank_o__Eubacteriales,s__Clostridiales_bacterium_CIEAF_026,Unchanged
4544.050655,-1.338084053,0.68229455,-1.961153072,0.049861169,0.28970099,g__Vescimonas,s__Vescimonas_fastidiosa,Unchanged
1088.37002,3.246509242,1.659938436,1.955800994,0.050488602,0.28970099,g__norank_f__Porphyromonadaceae,s__Porphyromonadaceae_bacterium_UBA7139,Unchanged
728.185601,-5.665817769,2.888270409,-1.961664583,0.049801548,0.28970099,g__Clostridium,s__Clostridium_sp._Clone-1,Unchanged
13305.17161,-1.067845675,0.554815574,-1.924685834,0.054268674,0.301492632,g__Paramuribaculum,s__Paramuribaculum_intestinale,Unchanged
3156.284765,-1.229778803,0.649876167,-1.892327899,0.058447306,0.32025921,g__norank_p__Candidatus_Saccharibacteria,s__unclassified_g__norank_p__Candidatus_Saccharibacteria,Unchanged
2237.744022,-2.777076739,1.474017163,-1.884019269,0.059562369,0.321958752,g__Aerococcus,s__Aerococcus_urinaeequi,Unchanged
751.7904054,1.185481638,0.639111149,1.854891186,0.063611767,0.339262756,g__Alistipes,s__Alistipes_putredinis,Unchanged
12763.51757,1.175974134,0.638038304,1.843108991,0.065313099,0.343753152,g__Alistipes,s__unclassified_g__Alistipes,Unchanged
1330.899478,-4.357125455,2.452216006,-1.776811441,0.075599269,0.387688558,g__Eubacterium,s__Eubacterium_plexicaudatum,Unchanged
4748.178453,4.51223374,2.531901521,1.78215215,0.074724423,0.387688558,g__Kineothrix,s__Kineothrix_alysoides,Unchanged
1801.524626,2.94486101,1.664454121,1.769265354,0.076849602,0.38911191,g__unclassified_f__Lachnospiraceae,s__unclassified_f__Lachnospiraceae,Unchanged
1924.026859,-2.499352643,1.426330913,-1.752295081,0.079723081,0.393694229,g__Dorea,s__Dorea_sp._AM10-31,Unchanged
301.9140991,3.347329939,1.907636802,1.754699813,0.079310668,0.393694229,g__Anaerotignum,s__Anaerotignum_lactatifermentans,Unchanged
4952.056617,1.674606228,0.964210709,1.736763772,0.082428876,0.402092078,g__unclassified_o__Eubacteriales,s__unclassified_o__Eubacteriales,Unchanged
70518.95902,1.640757663,0.963676891,1.70260144,0.08864268,0.416081257,g__Akkermansia,s__Akkermansia_muciniphila,Unchanged
1217.958979,4.901568002,2.886218352,1.698266522,0.08945747,0.416081257,g__Suilimivivens,s__Suilimivivens_aceti,Unchanged
532.1948244,4.688560027,2.738406641,1.71214894,0.086869224,0.416081257,g__Euzebya,s__unclassified_g__Euzebya,Unchanged
1861.581464,2.265654657,1.325501076,1.709281643,0.087398792,0.416081257,g__norank_d__Bacteria,s__bacterium_1XD8-76,Unchanged
923.7245515,-1.246046405,0.738994962,-1.686136535,0.091769504,0.421928756,g__Acetivibrio,s__Acetivibrio_sp._MSJd-27,Unchanged
6732.509533,0.786456609,0.479102553,1.641520387,0.100689439,0.452536803,g__Alistipes,s__Alistipes_onderdonkii,Unchanged
333.3991896,2.611594271,1.58628913,1.646354515,0.099690792,0.452536803,g__Culturomica,s__Culturomica_massiliensis,Unchanged
577.3170808,-2.478781849,1.532767686,-1.617193442,0.105836532,0.465215523,g__norank_p__Candidatus_Melainabacteria,s__Candidatus_Melainabacteria_bacterium,Unchanged
498.9967667,-4.676136215,2.887573492,-1.619399897,0.105361249,0.465215523,g__Pseudoclostridium,s__Pseudoclostridium_thermosuccinogenes,Unchanged
1474.962507,3.280872698,2.046639991,1.603053156,0.108922919,0.469934878,g__unclassified_f__Lachnospiraceae,s__unclassified_f__Lachnospiraceae,Unchanged
418.939132,4.624334449,2.887450175,1.601528743,0.109259859,0.469934878,g__Pumilibacter,s__Pumilibacter_muris,Unchanged
4843.23931,2.741855477,1.731726235,1.583307697,0.113351349,0.482346168,g__Jeotgalicoccus,s__Jeotgalicoccus_nanhaiensis,Unchanged
810.2170623,-3.031685358,1.936002365,-1.565951268,0.117360026,0.494147479,g__Parasutterella,s__Parasutterella_muris,Unchanged
1891.158109,-4.381163198,2.84663406,-1.539067933,0.123787713,0.494236515,g__norank_f__Oscillospiraceae,s__Eubacterium_siraeum,Unchanged
956.7935159,-2.378453735,1.559669696,-1.524972717,0.127265903,0.494236515,g__norank_f__Erysipelotrichaceae,s__Erysipelotrichaceae_bacterium_MTC7,Unchanged
51953.78923,2.068898208,1.328481501,1.557340623,0.119389636,0.494236515,g__Suilimivivens,s__Suilimivivens_aceti,Unchanged
1537.470946,-1.12052657,0.727758231,-1.539696182,0.123634428,0.494236515,g__Lachnoclostridium,s__Lachnoclostridium_edouardi,Unchanged
3625.505546,2.279694367,1.474693488,1.545876743,0.122134338,0.494236515,g__Eubacterium,s__Eubacterium_sp._14-2,Unchanged
246.7128773,-3.600300694,2.351970828,-1.530759077,0.125828947,0.494236515,g__Parvibacter,s__Parvibacter_caecicola,Unchanged
2323.669799,1.027257908,0.672221851,1.528153105,0.126474529,0.494236515,g__Kineothrix,s__Kineothrix_alysoides,Unchanged
4743.317624,-3.559561089,2.291699744,-1.553240601,0.120365665,0.494236515,g__Eubacterium,s__Eubacterium_sp._14-2,Unchanged
4940.426885,1.171460793,0.776767953,1.508121941,0.131523321,0.504970812,g__Alistipes,s__Alistipes_inops,Unchanged
490.8019334,3.65779783,2.431879823,1.504103038,0.132554838,0.504970812,g__Clostridium,s__Clostridium_sp._Culture-41,Unchanged
616.8665422,-4.272061466,2.886743579,-1.479889484,0.138902743,0.522920621,g__norank_p__Bacillota,s__Firmicutes_bacterium_AM59-13,Unchanged
12453.20842,-0.845553983,0.572778008,-1.476233325,0.139881266,0.522920621,g__Duncaniella,s__Duncaniella_dubosii,Unchanged
6490.296004,-1.788461857,1.249660884,-1.431157749,0.15238501,0.564388924,g__unclassified_f__Clostridiaceae,s__unclassified_f__Clostridiaceae,Unchanged
748.9198193,-3.389682188,2.424194844,-1.398271346,0.162031599,0.565123919,g__Pseudoclostridium,s__Pseudoclostridium_thermosuccinogenes,Unchanged
2075.730434,0.887408876,0.633784573,1.400174308,0.161461127,0.565123919,g__Bacteroides,s__Bacteroides_uniformis,Unchanged
4551.067496,2.083047899,1.462957052,1.423861279,0.154486633,0.565123919,g__Petroclostridium,s__Petroclostridium_sp._X23,Unchanged
1101.37194,4.010529438,2.837283401,1.413510345,0.157505722,0.565123919,g__Petralouisia,s__Petralouisia_muris,Unchanged
1626.739482,2.462192312,1.755942943,1.402205192,0.160853982,0.565123919,g__unclassified_f__Lachnospiraceae,s__unclassified_f__Lachnospiraceae,Unchanged
569.0056834,3.30264748,2.364434992,1.39680198,0.162473127,0.565123919,g__Clostridium,s__Clostridium_sp._OM05-9BH,Unchanged
8648.068916,-2.276780768,1.619861608,-1.405540299,0.159860675,0.565123919,g__Clostridium,s__Clostridium_sp._BNL1100,Unchanged
4773.242579,1.171851876,0.844914948,1.386946553,0.165458061,0.565668584,g__norank_f__Lachnospiraceae,s__Lachnospiraceae_bacterium_5_1_57FAA,Unchanged
1991.132119,-1.081236854,0.778969332,-1.388035203,0.165126326,0.565668584,g__Lachnoclostridium,s__Lachnoclostridium_edouardi,Unchanged
3312.145775,-2.470096838,1.815009162,-1.360928027,0.173536435,0.586852294,g__norank_f__Clostridiaceae,s__Clostridiaceae_bacterium_MS3,Unchanged
608.9002701,3.918447402,2.886290839,1.357606569,0.174588558,0.586852294,g__Congzhengia,s__Congzhengia_minquanensis,Unchanged
729.427365,-3.717764864,2.815383284,-1.320518199,0.186662064,0.62220688,g__Monoglobus,s__Monoglobus_pectinilyticus,Unchanged
1215.838438,-0.978700646,0.751654079,-1.302062575,0.192894996,0.637669407,g__norank_d__Bacteria,s__bacterium_1XD42-54,Unchanged
883.1427654,-1.008362036,0.7976797,-1.264118964,0.206187331,0.649408916,g__Enterocloster,s__Enterocloster_clostridioformis,Unchanged
849.0935537,-0.77869867,0.613184972,-1.269924583,0.204111496,0.649408916,g__Guopingia,s__Guopingia_tenuis,Unchanged
435.3332163,2.126942135,1.653047786,1.286679159,0.19820614,0.649408916,g__Roseburia,s__Roseburia_sp._1XD42-69,Unchanged
975.126034,-0.73236626,0.576553833,-1.270247838,0.203996362,0.649408916,g__norank_f__Eubacteriaceae,s__Eubacteriaceae_bacterium_Marseille-Q4139,Unchanged
918.5733079,-2.21507999,1.749300723,-1.266265977,0.205417873,0.649408916,g__Ruminococcus,s__Ruminococcus_hominis,Unchanged
5850.023904,-0.737432519,0.581957812,-1.267158037,0.205098787,0.649408916,g__norank_o__Eubacteriales,s__Clostridiales_bacterium_CIEAF_022,Unchanged
384.1718286,-3.542886984,2.843202892,-1.246090103,0.212731318,0.664785368,g__Fusimonas,s__Fusimonas_intestini,Unchanged
445.6997153,-3.55802972,2.886595067,-1.232604379,0.217723402,0.675111326,g__Clostridium,s__Clostridium_sp._OM05-9BH,Unchanged
1076.86829,0.916641425,0.747343449,1.22653303,0.219998154,0.676199871,g__Lachnoclostridium,s__Lachnoclostridium_edouardi,Unchanged
1444.55931,-2.4776846,2.026458878,-1.222667101,0.221455458,0.676199871,g__Pseudoclostridium,s__Pseudoclostridium_thermosuccinogenes,Unchanged
868.4283046,-1.460829955,1.215398073,-1.201935388,0.229388562,0.689890413,g__Parasutterella,s__Parasutterella_excrementihominis,Unchanged
1580.129289,-1.580503702,1.312838266,-1.203883024,0.228634794,0.689890413,g__unclassified_o__Eubacteriales,s__unclassified_o__Eubacteriales,Unchanged
346.5903857,-2.448893085,2.069890674,-1.183102623,0.236768479,0.689950094,g__Adlercreutzia,s__Adlercreutzia_murintestinalis,Unchanged
754.5143083,-2.901589086,2.456599972,-1.181140242,0.237547016,0.689950094,g__norank_f__Lachnospiraceae,s__Lachnospiraceae_bacterium_MD329,Unchanged
421.8463675,-2.422943175,2.053711264,-1.179787645,0.238084685,0.689950094,g__Clostridium,s__Clostridium_sp._Clone-49,Unchanged
2507.923907,0.662166544,0.566249261,1.169390565,0.242246309,0.689950094,g__Prevotellamassilia,s__Prevotellamassilia_timonensis,Unchanged
1731.156776,-1.275850106,1.088456091,-1.172164975,0.241130827,0.689950094,g__Clostridium,s__Clostridium_sp._Culture-41,Unchanged
482.2661007,3.416034461,2.886237979,1.183559528,0.236587469,0.689950094,g__Clostridium,s__Clostridium_sp._MD294,Unchanged
192.7258537,3.433938397,2.878515932,1.192954452,0.232887212,0.689950094,g__Bacteroides,s__Bacteroides_intestinalis,Unchanged
343.979468,-3.368907086,2.886791702,-1.167007333,0.243207408,0.689950094,g__Roseburia,s__Roseburia_sp._1XD42-69,Unchanged
344.1564782,-3.308194035,2.862700793,-1.155619911,0.24783666,0.698131437,g__Intestinimonas,s__Intestinimonas_gabonensis,Unchanged
1993.904495,-1.274905394,1.1148158,-1.143601835,0.2527888,0.70710154,g__Eubacterium,s__Eubacterium_sp._14-2,Unchanged
16706.85175,0.772360155,0.679701881,1.136321931,0.255821855,0.710616265,g__Paramuribaculum,s__Paramuribaculum_intestinale,Unchanged
1699.597747,-1.018063722,0.903151357,-1.127234892,0.259643182,0.716257053,g__norank_p__Bacillota,s__Firmicutes_bacterium_AM59-13,Unchanged
195.0658776,-3.230439245,2.887690079,-1.118693197,0.263271049,0.721290544,g__Spiroplasma,s__unclassified_g__Spiroplasma,Unchanged
2689.756106,0.822634771,0.745207258,1.103900643,0.26963624,0.733704054,g__Adlercreutzia,s__Adlercreutzia_sp._ZJ304,Unchanged
4335.563502,-0.761965789,0.696653681,-1.093751186,0.274064118,0.740713833,g__Clostridium,s__Clostridium_sp._OF09-36,Unchanged
210.9294984,3.143026211,2.88708717,1.088649572,0.276308448,0.741767644,g__Ruminiclostridium,s__Ruminiclostridium_hungatei,Unchanged
2517.442822,0.997322499,0.93407623,1.067709965,0.285651362,0.761736965,g__Turicibacter,s__Turicibacter_sp._LA61,Unchanged
717.157408,1.728761823,1.634731011,1.057520663,0.29027403,0.768937827,g__Hominibacterium,s__Hominibacterium_faecale,Unchanged
1561.804978,-0.758533166,0.72437724,-1.047152125,0.295029422,0.776393215,g__Neglectibacter,s__Neglectibacter_sp._X58,Unchanged
608.0996727,-1.347216863,1.313250324,-1.025864482,0.304955467,0.786011037,g__Clostridium,s__Clostridium_sp._Culture-41,Unchanged
9327.623205,0.714479322,0.694276642,1.02909889,0.303433208,0.786011037,g__norank_f__Eubacteriaceae,s__Eubacteriaceae_bacterium_Marseille-Q4139,Unchanged
142.7044241,2.952640969,2.88766838,1.022500017,0.306544304,0.786011037,g__Luoshenia,s__Luoshenia_tenuis,Unchanged
1546.062277,1.869107957,1.815759704,1.029380679,0.303300825,0.786011037,g__Escherichia,s__Escherichia_coli,Unchanged
1217.288209,0.664609538,0.663357675,1.00188716,0.316398094,0.795277692,g__unclassified_f__Lachnospiraceae,s__unclassified_f__Lachnospiraceae,Unchanged
117.0209556,-2.871942405,2.888540234,-0.994253904,0.320099271,0.795277692,g__Clostridium,s__Clostridium_sp._Clone-44,Unchanged
7878.346706,-0.764665831,0.767476003,-0.996338423,0.319085741,0.795277692,g__Duncaniella,s__Duncaniella_dubosii,Unchanged
724.1036024,1.664807174,1.669069705,0.997446164,0.318547993,0.795277692,g__Christensenella,s__Christensenella_timonensis,Unchanged
28883.9388,0.732939125,0.728549963,1.006024519,0.314403776,0.795277692,g__Limosilactobacillus,s__Limosilactobacillus_reuteri,Unchanged
420.8949628,-2.049773015,2.080393794,-0.985281258,0.324485936,0.801199843,g__Butyricicoccus,s__Butyricicoccus_sp._Marseille-Q5471,Unchanged
959.9253575,2.804833427,2.866688775,0.97842272,0.327865296,0.804577413,g__Qingrenia,s__Qingrenia_yutianensis,Unchanged
1116.088979,-1.146518512,1.195997307,-0.958629677,0.337745337,0.819491237,g__Aristaeella,s__Aristaeella_lactis,Unchanged
649.6750348,-1.962375197,2.051658441,-0.956482403,0.33882857,0.819491237,g__Spiroplasma,s__Spiroplasma_phoeniceum,Unchanged
4939.521719,1.374330632,1.440613722,0.953989686,0.340088863,0.819491237,g__Marvinbryantia,s__Marvinbryantia_formatexigens,Unchanged
321.1669954,-1.58486607,1.67153606,-0.948149494,0.343053355,0.821684682,g__Adlercreutzia,s__Adlercreutzia_mucosicola,Unchanged
123.5516011,2.715753998,2.887725996,0.940447259,0.346988191,0.826162359,g__Marasmitruncus,s__Marasmitruncus_massiliensis,Unchanged
11851.5367,-0.723612675,0.779223847,-0.92863261,0.353079516,0.827711334,g__Streptococcus,s__Streptococcus_oralis,Unchanged
18832.17198,-0.497449379,0.544799214,-0.913087549,0.361196498,0.827711334,g__Muribaculum,s__Muribaculum_gordoncarteri,Unchanged
2152.326271,-1.885604773,2.062644332,-0.914168644,0.360628237,0.827711334,g__Congzhengia,s__Congzhengia_minquanensis,Unchanged
2735.307699,1.726535099,1.874899809,0.920867926,0.357119386,0.827711334,g__Eubacterium,s__Eubacterium_plexicaudatum,Unchanged
3165.664039,1.953495132,2.1435748,0.911325853,0.362123709,0.827711334,g__norank_f__Oscillospiraceae,s__Eubacterium_siraeum,Unchanged
1419.498686,0.529569999,0.580910426,0.911620751,0.361968395,0.827711334,g__Paramuribaculum,s__Paramuribaculum_intestinale,Unchanged
658.0428774,-1.913694625,2.059295233,-0.929295904,0.352735757,0.827711334,g__Butyricicoccus,s__Butyricicoccus_sp._Marseille-Q5471,Unchanged
896.3602435,0.831653299,0.917381251,0.906551446,0.364644048,0.828736473,g__unclassified_f__Lachnospiraceae,s__unclassified_f__Lachnospiraceae,Unchanged
396.2837732,1.871239695,2.090880163,0.894953105,0.370812157,0.837993575,g__Enterocloster,s__unclassified_g__Enterocloster,Unchanged
1500.467249,1.578989942,1.789438607,0.882394029,0.377563764,0.848457896,g__Acetatifactor,s__Acetatifactor_muris,Unchanged
5320.656999,-0.796320199,0.906839157,-0.878127276,0.379874652,0.848881904,g__Candidatus_Formimonas,s__Candidatus_Formimonas_warabiya,Unchanged
913.5599197,-0.85866305,0.991035591,-0.866430084,0.386254352,0.858343005,g__Blautia,s__Blautia_sp._MCC289,Unchanged
4854.719466,0.704556006,0.826546099,0.852409814,0.393986675,0.870688785,g__unclassified_f__norank_o__Eubacteriales,s__unclassified_f__norank_o__Eubacteriales,Unchanged
197.8838156,-2.404925571,2.886837894,-0.833065679,0.404807689,0.875543598,g__Clostridium,s__Clostridium_sp._OM05-9BH,Unchanged
191.2958678,2.40412206,2.886679595,0.832833011,0.404938914,0.875543598,g__norank_d__Bacteria,s__bacterium_c-19,Unchanged
747.2813942,-1.030402578,1.236531104,-0.833300977,0.404675005,0.875543598,g__Eubacterium,s__Eubacterium_sp._14-2,Unchanged
1105.404613,0.697288976,0.825813727,0.844365932,0.398464954,0.875543598,g__Bacteroides,s__Bacteroides_faecichinchillae,Unchanged
900.3419121,-0.609258483,0.772489451,-0.78869489,0.430290355,0.881306107,g__norank_o__Eubacteriales,s__Clostridiales_bacterium_CIEAF_021,Unchanged
4377.711294,2.13580683,2.692993153,0.793097757,0.427720869,0.881306107,g__Fusimonas,s__Fusimonas_intestini,Unchanged
37116.70254,-0.365721212,0.476584971,-0.767378818,0.442856319,0.881306107,g__Duncaniella,s__Duncaniella_dubosii,Unchanged
6222.916214,-1.466701755,1.835890989,-0.798904599,0.424345732,0.881306107,g__Acetivibrio,s__Acetivibrio_cellulolyticus,Unchanged
1658.21479,-1.350445827,1.758079675,-0.768136875,0.442405872,0.881306107,g__Syntrophothermus,s__Syntrophothermus_lipocalidus,Unchanged
7431.551869,0.353832669,0.452582602,0.781807935,0.434327457,0.881306107,g__Lacrimispora,s__Lacrimispora_celerecrescens,Unchanged
2591.80972,-0.569593767,0.737340436,-0.772497667,0.439819728,0.881306107,g__norank_o__Eubacteriales,s__Clostridiales_bacterium_CIEAF_021,Unchanged
939.9966541,0.499950172,0.623331334,0.802061672,0.422517285,0.881306107,g__Anaerofustis,s__Anaerofustis_stercorihominis,Unchanged
303.1196238,-2.22123929,2.886243538,-0.769595241,0.441540029,0.881306107,g__Pseudoclostridium,s__Pseudoclostridium_thermosuccinogenes,Unchanged
1641.195683,1.458482404,1.77095708,0.823556042,0.410191861,0.881306107,g__Corynebacterium,s__Corynebacterium_dentalis,Unchanged
956.2796707,1.217761021,1.496444186,0.813769757,0.415776864,0.881306107,g__Suilimivivens,s__Suilimivivens_aceti,Unchanged
222.7840547,-1.960652613,2.465293764,-0.795301818,0.426437956,0.881306107,g__Diplocloster,s__Diplocloster_agilis,Unchanged
1261.91953,-1.36305804,1.736833294,-0.784794974,0.432573788,0.881306107,g__Candidatus_Faecenecus,s__Candidatus_Faecenecus_gallistercoris,Unchanged
1514.011592,-0.50392996,0.619599647,-0.813315442,0.416037226,0.881306107,g__Laedolimicola,s__Laedolimicola_ammoniilytica,Unchanged
728.9225389,0.664003151,0.822943147,0.806863941,0.419744875,0.881306107,g__unclassified_o__Eubacteriales,s__unclassified_o__Eubacteriales,Unchanged
161.1464398,-2.247212747,2.887041938,-0.778378976,0.436345629,0.881306107,g__Gemmiger,s__unclassified_g__Gemmiger,Unchanged
1543.72215,-0.764247267,1.010894744,-0.756010724,0.449642766,0.884765366,g__Ruthenibacterium,s__Ruthenibacterium_lactatiformans,Unchanged
8088.707694,0.86097842,1.165502825,0.738718433,0.46007799,0.884765366,g__Neglectibacter,s__Neglectibacter_timonensis,Unchanged
103.6916229,-2.176603897,2.887888259,-0.753700871,0.451028859,0.884765366,g__Spiroplasma,s__Spiroplasma_eriocheiris,Unchanged
322.274899,-1.825856117,2.465218591,-0.740646742,0.458907659,0.884765366,g__unclassified_o__Eubacteriales,s__unclassified_o__Eubacteriales,Unchanged
282.7154169,-0.883254925,1.194619453,-0.739360909,0.459687873,0.884765366,g__Clostridium,s__Clostridium_facile,Unchanged
502.4188461,-0.922556739,1.239138026,-0.744514912,0.456565023,0.884765366,g__Mammaliicoccus,s__Mammaliicoccus_vitulinus,Unchanged
793.9800965,1.548540468,2.062646915,0.750754022,0.452800704,0.884765366,g__Lacrimispora,s__unclassified_g__Lacrimispora,Unchanged
106.2448362,2.120485138,2.88746175,0.734376876,0.462719076,0.885586749,g__Acetivibrio,s__Acetivibrio_thermocellus,Unchanged
169.8660299,2.071642096,2.886649002,0.717663316,0.472964907,0.900885538,g__Holdemania,s__Holdemania_massiliensis,Unchanged
2864.180297,0.450105023,0.715236098,0.629309712,0.529146314,0.913896732,g__unclassified_f__Lachnospiraceae,s__unclassified_f__Lachnospiraceae,Unchanged
1263.646986,-0.547185115,0.831142397,-0.658353029,0.51031131,0.913896732,g__Fusimonas,s__Fusimonas_intestini,Unchanged
202.8585361,-1.834969014,2.886472961,-0.635713218,0.52496336,0.913896732,g__Vescimonas,s__Vescimonas_coprocola,Unchanged
523.3500496,-1.580942077,2.498094256,-0.632859258,0.526825556,0.913896732,g__Peptococcus,s__Peptococcus_sp._canine_oral_taxon_044,Unchanged
19743.38018,0.7314861,1.136204631,0.643797852,0.519706527,0.913896732,g__Acetivibrio,s__Acetivibrio_cellulolyticus,Unchanged
1016.402322,-0.921220716,1.328118323,-0.693628496,0.487915218,0.913896732,g__Vescimonas,s__Vescimonas_fastidiosa,Unchanged
5760.675957,-0.474491318,0.710919019,-0.66743371,0.50449514,0.913896732,g__Moorella,s__Moorella_glycerini,Unchanged
7506.588725,-1.082223549,1.593161195,-0.679293189,0.496952111,0.913896732,g__Prevotella,s__Prevotella_rara,Unchanged
6417.364639,0.661036911,0.940819623,0.702618116,0.482293769,0.913896732,g__Blautia,s__Blautia_pseudococcoides,Unchanged
12086.26268,0.632888927,0.946607035,0.668586756,0.503759123,0.913896732,g__Lacrimispora,s__Lacrimispora_algidixylanolytica,Unchanged
21689.52907,0.373917576,0.579789617,0.644919406,0.518979415,0.913896732,g__Duncaniella,s__Duncaniella_muris,Unchanged
361.5390535,-1.811385688,2.88597857,-0.627650429,0.530232965,0.913896732,g__Thomasclavelia,s__Thomasclavelia_ramosa,Unchanged
126.510635,-1.812438779,2.887127629,-0.627765382,0.530157647,0.913896732,g__norank_f__Erysipelotrichaceae,s__Erysipelotrichaceae_bacterium_MTC7,Unchanged
2805.500622,-0.541564914,0.821055848,-0.659595709,0.509513309,0.913896732,g__Acetivibrio,s__Acetivibrio_cellulolyticus,Unchanged
23655.77934,-0.537822861,0.796022438,-0.675637815,0.499270626,0.913896732,g__Duncaniella,s__Duncaniella_muris,Unchanged
25122.63158,-0.45768947,0.6711545,-0.681943531,0.495274658,0.913896732,g__norank_f__Porphyromonadaceae,s__Porphyromonadaceae_bacterium_UBA7139,Unchanged
281.3043795,1.908983037,2.886090944,0.66144244,0.508328616,0.913896732,g__norank_f__Erysipelotrichaceae,s__Erysipelotrichaceae_bacterium_MTC7,Unchanged
612.2238646,1.380072509,2.098271575,0.657718727,0.510718887,0.913896732,g__Parabacteroides,s__Parabacteroides_johnsonii,Unchanged
648.5870087,0.829318538,1.293127163,0.641327908,0.521309661,0.913896732,g__Fumia,s__Fumia_xinanensis,Unchanged
766.4749765,1.076933038,1.710345155,0.629658309,0.528918165,0.913896732,g__norank_f__Lachnospiraceae,s__Lachnospiraceae_bacterium_Choco86,Unchanged
517.713062,-0.844249724,1.352031353,-0.624430581,0.532344847,0.913896732,g__norank_f__Eubacteriaceae,s__Eubacteriaceae_bacterium_Marseille-Q4139,Unchanged
544.1206534,0.358057305,0.543431667,0.658881929,0.509971591,0.913896732,g__Lachnoclostridium,s__Lachnoclostridium_edouardi,Unchanged
5241.514584,0.662984146,0.959942163,0.690650095,0.489785458,0.913896732,g__Lactobacillus,s__Lactobacillus_intestinalis,Unchanged
1009.291977,-0.80474712,1.329182523,-0.605445156,0.544883255,0.914090211,g__Marvinbryantia,s__Marvinbryantia_formatexigens,Unchanged
7254.938372,-0.494106296,0.823403189,-0.60007819,0.548454127,0.914090211,g__Muribaculum,s__Muribaculum_intestinale,Unchanged
93.79385795,1.761147333,2.887436607,0.609934545,0.541905168,0.914090211,g__Candidatus_Faecenecus,s__Candidatus_Faecenecus_gallistercoris,Unchanged
7571.437125,-0.388022634,0.645425203,-0.601189158,0.547714005,0.914090211,g__Duncaniella,s__Duncaniella_dubosii,Unchanged
17115.76412,0.575870187,0.950018963,0.606167044,0.544403834,0.914090211,g__Clostridium,s__Clostridium_scindens,Unchanged
493.2739178,0.759107372,1.238513376,0.612918186,0.539930438,0.914090211,g__Massiliimalia,s__Massiliimalia_massiliensis,Unchanged
472.160456,-1.247522798,2.061890105,-0.605038452,0.545153448,0.914090211,g__Intestinimonas,s__Intestinimonas_butyriciproducens,Unchanged
2315.741175,-0.353798139,0.59623153,-0.593390523,0.55291983,0.914767653,g__Alistipes,s__Alistipes_putredinis,Unchanged
15772.63633,-0.349467308,0.589697231,-0.592621585,0.55343443,0.914767653,g__Duncaniella,s__Duncaniella_dubosii,Unchanged
1285.877136,-1.618645165,2.885521233,-0.560954169,0.574828781,0.917506468,g__Eubacterium,s__Eubacterium_plexicaudatum,Unchanged
991.4079946,0.713737708,1.277360958,0.558759608,0.576325793,0.917506468,g__Mucispirillum,s__Mucispirillum_schaedleri,Unchanged
5334.657777,0.385368926,0.685718453,0.561992936,0.574120832,0.917506468,g__Lawsonia,s__Lawsonia_intracellularis,Unchanged
834.8067234,-1.412903505,2.549592349,-0.554168397,0.579463604,0.917506468,g__Candidatus_Arthromitus,s__Candidatus_Arthromitus_sp._Pasteur,Unchanged
19512.52871,0.633452192,1.145662971,0.552913211,0.580322841,0.917506468,g__norank_f__Porphyromonadaceae,s__Porphyromonadaceae_bacterium_UBA7139,Unchanged
414.3505609,1.6766377,2.885816984,0.580992388,0.561245584,0.917506468,g__norank_f__Lachnospiraceae,s__Lachnospiraceae_bacterium_MD329,Unchanged
1237.24067,1.022469696,1.769181046,0.577933897,0.563308749,0.917506468,g__Suilimivivens,s__Suilimivivens_aceti,Unchanged
3877.645417,0.547697746,0.98919712,0.553679075,0.579798499,0.917506468,g__Clostridium,s__Clostridium_scindens,Unchanged
155.3071395,1.216920994,2.097504091,0.580175743,0.56179611,0.917506468,g__Petroclostridium,s__Petroclostridium_sp._X23,Unchanged
124.8712039,1.62665503,2.886850968,0.563470386,0.57311462,0.917506468,g__unclassified_f__Lachnospiraceae,s__unclassified_f__Lachnospiraceae,Unchanged
9257.441088,0.35019658,0.608992683,0.575042344,0.56526266,0.917506468,g__norank_f__Eubacteriaceae,s__Eubacteriaceae_bacterium_Marseille-Q4139,Unchanged
1042.961638,0.707418532,1.343126083,0.526695551,0.598405026,0.93867455,g__norank_d__Bacteria,s__bacterium_c-19,Unchanged
7072.108201,0.369818024,0.700723379,0.52776607,0.59766171,0.93867455,g__Bacteroides,s__Bacteroides_acidifaciens,Unchanged
935.723866,-0.724644008,1.407741669,-0.514756382,0.606723269,0.940656231,g__norank_f__Porphyromonadaceae,s__Porphyromonadaceae_bacterium_UBA7139,Unchanged
671.2883489,0.881647171,1.69844034,0.519092223,0.603696431,0.940656231,g__Kineothrix,s__Kineothrix_alysoides,Unchanged
632.1763049,1.08209302,2.099679701,0.515360995,0.606300783,0.940656231,g__Lachnoclostridium,s__Lachnoclostridium_edouardi,Unchanged
2994.649122,0.976086517,1.968993091,0.495728767,0.620085788,0.950210297,g__norank_f__Oscillospiraceae,s__Eubacterium_siraeum,Unchanged
4930.087999,0.502873023,1.017879558,0.494039809,0.621278065,0.950210297,g__Ruminiclostridium,s__Ruminiclostridium_josui,Unchanged
18109.37664,0.39919737,0.810603856,0.492469123,0.622387745,0.950210297,g__norank_p__Bacteroidota,s__Bacteroidetes_bacterium_RIFOXYB2_FULL_39_7,Unchanged
410.468511,-1.27226715,2.540084852,-0.500875846,0.616458502,0.950210297,g__Eubacterium,s__Eubacterium_sp._14-2,Unchanged
3031.228377,-0.455789515,0.945141819,-0.482244576,0.629632214,0.953988204,g__Ruminiclostridium,s__Ruminiclostridium_papyrosolvens,Unchanged
156.6167583,1.234144688,2.544802286,0.484966826,0.627699878,0.953988204,g__Spiroplasma,s__Spiroplasma_chrysopicola,Unchanged
2004.074255,-0.311295733,0.651412846,-0.477877792,0.632737189,0.955075002,g__unclassified_f__Muribaculaceae,s__unclassified_f__Muribaculaceae,Unchanged
533.7678952,-0.626861756,1.720360153,-0.364378211,0.715575604,0.963109452,g__Paramuribaculum,s__Paramuribaculum_intestinale,Unchanged
2419.78979,-0.124955954,0.360482999,-0.346634805,0.728865695,0.963109452,g__Anaerotruncus,s__Anaerotruncus_sp._80,Unchanged
1776.073612,0.542179379,1.421714627,0.381355983,0.702939118,0.963109452,g__Roseburia,s__Roseburia_sp._1XD42-69,Unchanged
6067.064665,0.235385307,0.70988197,0.331583724,0.740203612,0.963109452,g__Duncaniella,s__Duncaniella_muris,Unchanged
65.77373235,1.055442601,2.887787744,0.365484826,0.714749532,0.963109452,g__Alistipes,s__Alistipes_ihumii,Unchanged
31699.85241,-0.295044396,0.650077566,-0.453860295,0.649929383,0.963109452,g__norank_f__Porphyromonadaceae,s__Porphyromonadaceae_bacterium_UBA7139,Unchanged
4284.819754,0.215292639,0.468962655,0.459082695,0.646174783,0.963109452,g__Hominibacterium,s__Hominibacterium_faecale,Unchanged
720.7383173,-0.413120927,1.298140596,-0.318240511,0.750302505,0.963109452,g__Staphylococcus,s__Staphylococcus_xylosus,Unchanged
4693.507609,0.298770089,0.929156343,0.321549857,0.747793736,0.963109452,g__Clostridium,s__Clostridium_sp._AF36-4,Unchanged
473.1323216,-0.644742683,2.102092546,-0.306714699,0.75906054,0.963109452,g__Adlercreutzia,s__Adlercreutzia_murintestinalis,Unchanged
13595.64741,0.431957266,1.159208707,0.372631143,0.709422991,0.963109452,g__Prevotella,s__Xylanibacter_rodentium,Unchanged
490.1058752,-0.782632604,1.763428901,-0.443812962,0.657177816,0.963109452,g__Aestuariispira,s__Aestuariispira_insulae,Unchanged
2975.702391,0.230585638,0.627216625,0.367633174,0.713146775,0.963109452,g__Duncaniella,s__Duncaniella_dubosii,Unchanged
233.1276107,-1.054471291,2.531628526,-0.416518964,0.677030293,0.963109452,g__Marvinbryantia,s__Marvinbryantia_formatexigens,Unchanged
1741.093036,1.078141094,2.885452263,0.373647177,0.708666829,0.963109452,g__Anaeromassilibacillus,s__Anaeromassilibacillus_senegalensis,Unchanged
2401.487542,0.251014447,0.730713835,0.343519494,0.731207678,0.963109452,g__Parabacteroides,s__Parabacteroides_distasonis,Unchanged
720.7223957,-0.70752446,1.700657733,-0.416029896,0.677388127,0.963109452,g__unclassified_f__Lachnospiraceae,s__unclassified_f__Lachnospiraceae,Unchanged
1421.580558,-0.552533887,1.373611525,-0.402249018,0.687500771,0.963109452,g__Caproicibacterium,s__Caproicibacterium_sp._BJN0003,Unchanged
11501.05113,-0.28949926,0.622005608,-0.465428697,0.641624487,0.963109452,g__norank_f__Porphyromonadaceae,s__Porphyromonadaceae_bacterium_UBA7139,Unchanged
202325.4095,0.231262118,0.59566654,0.388240908,0.697837763,0.963109452,g__Lactobacillus,s__Lactobacillus_johnsonii,Unchanged
3020.373426,-0.168209031,0.531063994,-0.316739664,0.75144115,0.963109452,g__Lacrimispora,s__Lacrimispora_sphenoides,Unchanged
1260.417038,-0.232103026,0.706458478,-0.32854447,0.742500026,0.963109452,g__unclassified_f__norank_o__Eubacteriales,s__unclassified_f__norank_o__Eubacteriales,Unchanged
399.5006244,1.198385337,2.885772987,0.4152736,0.677941625,0.963109452,g__Anaerotruncus,s__Anaerotruncus_rubiinfantis,Unchanged
474.569828,-0.878283053,2.885706957,-0.304356286,0.760856467,0.963109452,g__unclassified_o__Eubacteriales,s__unclassified_o__Eubacteriales,Unchanged
328.9643399,0.952234244,2.49005168,0.382415454,0.702153229,0.963109452,g__Parabacteroides,s__Parabacteroides_goldsteinii,Unchanged
182.1441462,1.114312645,2.551789105,0.436678973,0.662344181,0.963109452,g__Feifania,s__Feifania_hominis,Unchanged
1106.247175,0.873041473,2.607866372,0.334772319,0.737796843,0.963109452,g__Blautia,s__Blautia_sp._AF13-16,Unchanged
11672.58145,0.535341167,1.719730717,0.311293601,0.755577432,0.963109452,g__Brotolimicola,s__Brotolimicola_acetigignens,Unchanged
575.2005646,0.33355989,0.889174465,0.375134356,0.707560548,0.963109452,g__Clostridium,s__unclassified_g__Clostridium,Unchanged
10372.30874,-0.239743917,0.762432674,-0.314446016,0.753182312,0.963109452,g__Ileibacterium,s__Ileibacterium_valens,Unchanged
360.9975098,0.859897717,2.56053772,0.335827007,0.737001323,0.963109452,g__Eubacterium,s__Eubacterium_ventriosum,Unchanged
1196.905629,0.268924474,0.618465841,0.434825106,0.66368938,0.963109452,g__Dorea,s__Dorea_ammoniilytica,Unchanged
1449.744841,-0.195857985,0.615944993,-0.317979669,0.750500359,0.963109452,g__Adlercreutzia,s__Adlercreutzia_agrestimuris,Unchanged
339.2523251,-0.652314967,2.083156134,-0.313137818,0.754175958,0.963109452,g__Merdimmobilis,s__Merdimmobilis_hominis,Unchanged
106.3775857,1.175513253,2.886901922,0.407188497,0.68386955,0.963109452,g__Intestinimonas,s__unclassified_g__Intestinimonas,Unchanged
2750.018378,0.613194124,1.352903336,0.453243117,0.650373688,0.963109452,g__Clostridium,s__Clostridium_scindens,Unchanged
795.741332,0.729104815,1.716894088,0.424664993,0.671080907,0.963109452,g__Alistipes,s__Alistipes_finegoldii,Unchanged
1031.776597,0.625521743,1.747347107,0.357983677,0.720355529,0.963109452,g__Acutalibacter,s__Acutalibacter_muris,Unchanged
17497.25355,-0.318773165,0.804118816,-0.396425452,0.691791193,0.963109452,g__Marvinbryantia,s__Marvinbryantia_formatexigens,Unchanged
878.7849069,-0.330789184,0.872959496,-0.378928445,0.704741,0.963109452,g__Muribaculum,s__Muribaculum_intestinale,Unchanged
53.69627128,-1.048419862,2.888560743,-0.362955795,0.716637906,0.963109452,g__norank_o__Candidatus_Gastranaerophilales,s__Candidatus_Gastranaerophilales_bacterium_HUM_6,Unchanged
191.6760022,-0.919036734,2.584745097,-0.355561844,0.722168722,0.963109452,g__norank_f__Porphyromonadaceae,s__Porphyromonadaceae_bacterium_UBA7139,Unchanged
475.1803148,0.826805375,2.486419453,0.332528518,0.73949021,0.963109452,g__Novisyntrophococcus,s__Novisyntrophococcus_fermenticellae,Unchanged
595.222009,-0.602798191,1.418970198,-0.424813849,0.670972381,0.963109452,g__Spiroplasma,s__Spiroplasma_culicicola,Unchanged
110.4625389,-1.322190541,2.887049189,-0.457972987,0.646971849,0.963109452,g__norank_f__Oscillospiraceae,s__Clostridium_viride,Unchanged
240.5353279,-0.573702757,1.693482955,-0.338770907,0.73478232,0.963109452,g__Clostridium,s__Clostridium_sp._MD294,Unchanged
501.0414847,0.718292031,2.13038946,0.337164657,0.735992779,0.963109452,g__Eubacterium,s__Eubacterium_sp._14-2,Unchanged
1187.229174,-0.439747549,1.375840252,-0.319621081,0.749255592,0.963109452,g__Aristaeella,s__Aristaeella_lactis,Unchanged
5817.24041,0.323195861,0.761729783,0.424292011,0.671352865,0.963109452,g__norank_f__Porphyromonadaceae,s__Porphyromonadaceae_bacterium_UBA7139,Unchanged
655.6087129,-0.477958869,1.234630897,-0.38712693,0.698662242,0.963109452,g__Mailhella,s__Mailhella_massiliensis,Unchanged
2605.026456,-0.224972301,0.738466398,-0.304647985,0.760634269,0.963109452,g__norank_o__Eubacteriales,s__Clostridiales_bacterium_CIEAF_021,Unchanged
9387.418053,-0.209257493,0.710162317,-0.294661499,0.768252477,0.96332599,g__Paramuribaculum,s__Paramuribaculum_intestinale,Unchanged
396.3986755,-0.867046122,2.885774255,-0.300455283,0.7638299,0.96332599,g__Clostridium,s__Clostridium_sp._Clone-26,Unchanged
349.0445665,0.855030908,2.885800928,0.296288943,0.767009429,0.96332599,g__Acetivibrio,s__Acetivibrio_alkalicellulosi,Unchanged
2101.71918,-0.227750863,0.872065993,-0.261162418,0.793967259,0.969789161,g__norank_f__Porphyromonadaceae,s__Porphyromonadaceae_bacterium_UBA7139,Unchanged
282.4309547,0.514054561,2.532744433,0.202963455,0.839163596,0.969789161,g__Angelakisella,s__Angelakisella_massiliensis,Unchanged
1860.641528,0.504299573,2.162583984,0.233193058,0.815611496,0.969789161,g__Clostridium,s__Clostridium_sp._AF36-4,Unchanged
2133.663896,-0.321017645,1.337092884,-0.240086272,0.810263377,0.969789161,g__Lachnoclostridium,s__Lachnoclostridium_edouardi,Unchanged
6596.249998,0.205731364,0.85815176,0.23973774,0.810533575,0.969789161,g__Faecalicatena,s__Faecalicatena_orotica,Unchanged
663.203941,-0.234202886,0.90865567,-0.257746574,0.796602499,0.969789161,g__Zongyangia,s__Zongyangia_hominis,Unchanged
11586.43715,-0.345085538,1.426387466,-0.241929733,0.808834611,0.969789161,g__Roseburia,s__Roseburia_hominis,Unchanged
4452.589453,0.138464281,0.5593551,0.247542716,0.804488237,0.969789161,g__Paramuribaculum,s__Paramuribaculum_intestinale,Unchanged
269.5433435,0.577877608,2.885910415,0.200241007,0.841292097,0.969789161,g__Spiroplasma,s__Spiroplasma_sp._SV19,Unchanged
8608.16487,-0.188217327,0.808525588,-0.23279081,0.815923849,0.969789161,g__Bifidobacterium,s__Bifidobacterium_pseudolongum,Unchanged
1832.031692,0.586215118,2.885441104,0.203163086,0.839007564,0.969789161,g__unclassified_f__Lachnospiraceae,s__unclassified_f__Lachnospiraceae,Unchanged
2080.951816,0.566367093,2.521329453,0.22463034,0.82226686,0.969789161,g__Pseudoclostridium,s__Pseudoclostridium_thermosuccinogenes,Unchanged
13000.69456,0.126463821,0.60628756,0.208587194,0.834770508,0.969789161,g__Duncaniella,s__Duncaniella_muris,Unchanged
2718.49455,0.213649131,0.86340323,0.247450002,0.804559981,0.969789161,g__Parablautia,s__Parablautia_intestinalis,Unchanged
3363.965723,0.278906098,1.114548688,0.250241287,0.802400759,0.969789161,g__Kineothrix,s__Kineothrix_alysoides,Unchanged
95.44428395,-0.705306499,2.887020564,-0.244302555,0.806996505,0.969789161,g__Negativibacillus,s__Negativibacillus_massiliensis,Unchanged
174.5117987,0.519666201,2.569769631,0.202222874,0.839742491,0.969789161,g__norank_f__Lachnospiraceae,s__Lachnospiraceae_bacterium_MD329,Unchanged
4121.898915,-0.403674562,1.839716949,-0.219422103,0.826321254,0.969789161,g__Suilimivivens,s__Suilimivivens_aceti,Unchanged
147.1859417,-0.802062132,2.886459062,-0.277870607,0.781111688,0.969789161,g__Acetivibrio,s__Acetivibrio_straminisolvens,Unchanged
1527.189559,-0.199283317,0.926503457,-0.215091822,0.82969573,0.969789161,g__Dehalobacterium,s__Dehalobacterium_formicoaceticum,Unchanged
1289.606154,-0.248473919,1.17616362,-0.211257953,0.832685991,0.969789161,g__Aminipila,s__Aminipila_butyrica,Unchanged
2804.923412,0.143216565,0.710090227,0.201687841,0.840160769,0.969789161,g__norank_f__Porphyromonadaceae,s__Porphyromonadaceae_bacterium_UBA7139,Unchanged
647.0465333,-0.190731968,0.919344361,-0.207465207,0.835646562,0.969789161,g__norank_f__Lachnospiraceae,s__Lachnospiraceae_bacterium_M18-1,Unchanged
454.786194,0.470068585,1.746684934,0.269120421,0.787837016,0.969789161,g__norank_f__Porphyromonadaceae,s__Porphyromonadaceae_bacterium_UBA7139,Unchanged
1464.838912,0.498170649,1.852666092,0.268893921,0.788011315,0.969789161,g__Alistipes,s__Alistipes_finegoldii,Unchanged
239.7440275,0.46625307,2.111965849,0.220767334,0.8252736,0.969789161,g__Lactococcus,s__Lactococcus_formosensis,Unchanged
382.7693653,-0.422266878,1.750233997,-0.241263099,0.809351209,0.969789161,g__norank_p__Bacillota,s__Firmicutes_bacterium_AM59-13,Unchanged
116.5097607,-0.698719237,2.886718574,-0.242046192,0.808744371,0.969789161,g__Eubacterium,s__Eubacterium_sp._14-2,Unchanged
1308.947718,-0.324069491,1.671893727,-0.193833786,0.846306031,0.971891516,g__Monoglobus,s__Monoglobus_pectinilyticus,Unchanged
1384.988663,-0.204191029,1.065146072,-0.191702373,0.847975347,0.971891516,g__Pseudoclostridium,s__Pseudoclostridium_thermosuccinogenes,Unchanged
483.8481351,-0.377775825,2.061213704,-0.18327834,0.854579629,0.976662433,g__Guopingia,s__Guopingia_tenuis,Unchanged
1728.298944,-0.246526588,1.369218592,-0.180049109,0.857114015,0.976768108,g__Pseudoclostridium,s__Pseudoclostridium_thermosuccinogenes,Unchanged
460.355641,-0.443516238,2.554421374,-0.173626889,0.862158698,0.979725793,g__unclassified_f__Oscillospiraceae,s__unclassified_f__Oscillospiraceae,Unchanged
736.270737,-0.228439567,1.692870174,-0.134942165,0.892657601,0.982036161,g__Enterocloster,s__Enterocloster_clostridioformis,Unchanged
38620.60681,0.157896172,1.217046832,0.129737137,0.896774399,0.982036161,g__Suilimivivens,s__Suilimivivens_aceti,Unchanged
1396.293142,0.126361004,0.760749269,0.166100723,0.868077685,0.982036161,g__Alistipes,s__Alistipes_putredinis,Unchanged
925.9363294,-0.249467796,1.724439804,-0.144665992,0.884974591,0.982036161,g__Clostridium,s__Clostridium_sp._AF36-4,Unchanged
5172.210713,-0.077149282,0.585485985,-0.131769648,0.895166495,0.982036161,g__Duncaniella,s__Duncaniella_freteri,Unchanged
8720.891953,0.109587129,0.760231824,0.144149621,0.885382322,0.982036161,g__Duncaniella,s__Duncaniella_muris,Unchanged
5364.805134,0.074485796,0.523700695,0.142229706,0.886898569,0.982036161,g__Anaerovorax,s__Anaerovorax_odorimutans,Unchanged
2145.677783,0.08816581,0.708869479,0.124375238,0.901018178,0.982036161,g__Anaerotruncus,s__Anaerotruncus_sp._1XD42-93,Unchanged
456.2846067,0.381197623,2.563997441,0.148673168,0.881811535,0.982036161,g__Prevotellamassilia,s__Prevotellamassilia_timonensis,Unchanged
314.393947,-0.396699312,2.88583904,-0.137464116,0.890663955,0.982036161,g__Acetivibrio,s__Acetivibrio_aldrichii,Unchanged
268.7420691,-0.406298247,2.558314715,-0.158814803,0.873814786,0.982036161,g__Lachnoclostridium,s__Lachnoclostridium_edouardi,Unchanged
306.4396349,0.326242461,2.57260831,0.126813888,0.899087704,0.982036161,g__Clostridium,s__Clostridium_sp._Clone-26,Unchanged
776.7929807,0.278483639,2.121866408,0.131244662,0.895581767,0.982036161,g__Pseudoclostridium,s__Pseudoclostridium_thermosuccinogenes,Unchanged
1020.869398,-0.176254768,1.303344567,-0.135232672,0.892427916,0.982036161,g__Pseudoflavonifractor,s__Pseudoflavonifractor_sp._An184,Unchanged
1868.714865,-0.143257833,0.872194112,-0.164249943,0.869534386,0.982036161,g__Alistipes,s__Alistipes_sp._cv1,Unchanged
1570.826199,-0.150493279,1.280964582,-0.11748434,0.906476253,0.982630084,g__Lachnoclostridium,s__Lachnoclostridium_sp._YL32,Unchanged
306741.8345,-0.075395971,0.638860748,-0.118016283,0.906054756,0.982630084,g__Duncaniella,s__Duncaniella_freteri,Unchanged
908.6746429,0.187457715,1.693181001,0.110713335,0.911843671,0.985776942,g__Pseudoflavonifractor,s__Pseudoflavonifractor_sp._An44,Unchanged
370.7094147,-0.300615873,2.885761629,-0.104172108,0.917032768,0.988714574,g__Eubacterium,s__Eubacterium_sp._14-2,Unchanged
140.0187914,0.23774189,2.886397872,0.082366292,0.93435544,0.989945283,g__norank_p__Candidatus_Saccharibacteria,s__unclassified_g__norank_p__Candidatus_Saccharibacteria,Unchanged
12090.10152,-0.09590316,1.67077081,-0.057400548,0.954226127,0.989945283,g__Anaerocolumna,s__Anaerocolumna_cellulosilytica,Unchanged
1838.203128,-0.017937413,0.865197096,-0.02073217,0.983459307,0.989945283,g__Clostridium,s__Clostridium_sp._Clone-26,Unchanged
64468.37337,-0.036751866,0.616559225,-0.059608006,0.952467842,0.989945283,g__Ligilactobacillus,s__Ligilactobacillus_murinus,Unchanged
12331.36554,-0.019572946,0.566354954,-0.034559503,0.972430994,0.989945283,g__unclassified_f__Oscillospiraceae,s__unclassified_f__Oscillospiraceae,Unchanged
2825.719526,-0.08093969,2.010161011,-0.040265277,0.967881636,0.989945283,g__Acetivibrio,s__Acetivibrio_mesophilus,Unchanged
263.5286852,0.200712949,2.885911268,0.069549245,0.944552436,0.989945283,g__Hydrogeniiclostridium,s__Hydrogeniiclostridium_mannosilyticum,Unchanged
274.1027377,-0.079465823,2.548722155,-0.031178692,0.975127033,0.989945283,g__Spiroplasma,s__Spiroplasma_chinense,Unchanged
1088.528327,-0.056052156,0.616165289,-0.09096935,0.927516945,0.989945283,g__Merdimmobilis,s__Merdimmobilis_hominis,Unchanged
414.6503873,0.037659058,1.220061736,0.030866518,0.975375992,0.989945283,g__Lachnoclostridium,s__Lachnoclostridium_edouardi,Unchanged
1082.505168,0.083828625,2.185525247,0.038356283,0.969403616,0.989945283,g__unclassified_f__Lachnospiraceae,s__unclassified_f__Lachnospiraceae,Unchanged
165.8576557,0.123932191,2.886235647,0.042939041,0.965750127,0.989945283,g__Paramuribaculum,s__Paramuribaculum_intestinale,Unchanged
9310.534468,-0.013442319,0.606149094,-0.022176588,0.982307093,0.989945283,g__norank_f__Porphyromonadaceae,s__Porphyromonadaceae_bacterium_UBA7139,Unchanged
1164.021871,0.059505577,2.124962344,0.028003121,0.977659662,0.989945283,g__Novisyntrophococcus,s__Novisyntrophococcus_fermenticellae,Unchanged
911.7763487,-0.146884103,2.517534039,-0.058344436,0.953474273,0.989945283,g__Aristaeella,s__Aristaeella_lactis,Unchanged
380.4422736,-0.137860485,1.693922141,-0.081385373,0.935135482,0.989945283,g__Spiroplasma,s__Spiroplasma_chinense,Unchanged
6083.97288,0.047879419,1.509404926,0.031720726,0.974694767,0.989945283,g__Suilimivivens,s__Suilimivivens_aceti,Unchanged
187.8301782,-0.149796647,2.562532638,-0.058456484,0.953385024,0.989945283,g__Hominisplanchenecus,s__Hominisplanchenecus_faecis,Unchanged
1021.89841,-0.053856197,1.765843643,-0.030498848,0.975669212,0.989945283,g__Angelakisella,s__Angelakisella_massiliensis,Unchanged
1794.129629,-0.069571536,0.741606164,-0.093811971,0.925258522,0.989945283,g__norank_o__Eubacteriales,s__Clostridiales_bacterium_CIEAF_022,Unchanged
194.4024093,0.16021918,2.589617307,0.061869829,0.950666494,0.989945283,g__Candidatus_Stoquefichus,s__unclassified_g__Candidatus_Stoquefichus,Unchanged
826.6972129,-0.065769117,1.750622677,-0.037568985,0.970031337,0.989945283,g__Marvinbryantia,s__Marvinbryantia_formatexigens,Unchanged
97.88483817,-0.268035164,2.886875343,-0.092846116,0.926025814,0.989945283,g__Pumilibacter,s__Pumilibacter_muris,Unchanged
723.1300747,0.033079575,2.106423146,0.015704145,0.98747042,0.989945283,g__Acetivibrio,s__Acetivibrio_cellulolyticus,Unchanged
672.1456661,0.045645883,0.880710312,0.051828488,0.958665356,0.989945283,g__Clostridium,s__Clostridium_sp._Culture-41,Unchanged
245.3713043,0.047214502,2.572645194,0.018352512,0.985357636,0.989945283,g__Acutalibacter,s__Acutalibacter_sp._1XD8-36,Unchanged
2072.989148,-0.014548746,0.71045248,-0.020478141,0.983661949,0.989945283,g__norank_d__Bacteria,s__bacterium_1xD8-48,Unchanged
706.4291321,-0.214990954,2.566646085,-0.083763381,0.933244563,0.989945283,g__norank_f__Clostridiaceae,s__Clostridiaceae_bacterium_MS3,Unchanged
139.5384911,-0.005523235,2.886403954,-0.001913535,0.998473221,0.998473221,g__Merdimmobilis,s__Merdimmobilis_hominis,Unchanged
385.8609524,-26.55581027,3.026269517,-8.775097565,NA,NA,g__norank_o__Candidatus_Gastranaerophilales,s__unclassified_g__norank_o__Candidatus_Gastranaerophilales,Unchanged
245.850654,-25.91678704,3.02631525,-8.563809417,NA,NA,g__Clostridium,s__Clostridium_sp._KLE_1755,Unchanged
324.0236359,-4.461804166,2.888329691,-1.544769692,NA,NA,g__Kineothrix,s__unclassified_g__Kineothrix,Unchanged
48.97313235,-23.73591013,3.026821943,-7.841858746,NA,NA,g__Clostridium,s__Clostridium_facile,Unchanged
623.7202501,-2.753200455,1.795436094,-1.533443861,NA,NA,g__Eubacterium,s__Eubacterium_plexicaudatum,Unchanged
4798.277998,-2.350589458,1.63740285,-1.435559647,NA,NA,g__Peptoniphilus,s__Peptoniphilus_sp._BV3C26,Unchanged
345.4078372,-4.558099444,2.888322935,-1.578112817,NA,NA,g__Candidatus_Faecenecus,s__Candidatus_Faecenecus_gallistercoris,Unchanged
4109.21315,-1.586949002,1.756763161,-0.903336908,NA,NA,g__Lachnoclostridium,s__Lachnoclostridium_sp._MSJ-17,Unchanged
48.97313235,-23.73591013,3.026821943,-7.841858746,NA,NA,g__Candidatus_Faecenecus,s__Candidatus_Faecenecus_gallistercoris,Unchanged
1877.122335,-3.822102114,2.885703941,-1.32449558,NA,NA,g__Gemmiger,s__Candidatus_Gemmiger_avium,Unchanged
2746.263666,-3.470150143,2.885550385,-1.202595582,NA,NA,g__norank_d__Bacteria,s__bacterium_1XD8-76,Unchanged
1711.672242,-6.914977892,2.888244,-2.394180649,NA,NA,g__Spiroplasma,s__Spiroplasma_phoeniceum,Unchanged
394.8531523,-26.58272013,3.026267694,-8.783994947,NA,NA,g__norank_f__Erysipelotrichaceae,s__Erysipelotrichaceae_bacterium_MTC7,Unchanged
1524.989513,-6.746982795,2.888246421,-2.336013557,NA,NA,g__Eubacterium,s__Eubacterium_ventriosum,Unchanged
1636.65342,-1.964292022,1.468110863,-1.337972541,NA,NA,g__norank_f__Clostridiaceae,s__Clostridiaceae_bacterium_MS3,Unchanged
511.1342825,3.513094557,2.886235208,1.217189281,NA,NA,g__Kineothrix,s__Kineothrix_sp._MB12-C1,Unchanged
203.0597384,-25.67787603,3.026341805,-8.484790443,NA,NA,g__Clostridium,s__Clostridium_sp._OM05-9BH,Unchanged
467.6743412,-4.578851172,2.887578213,-1.585706372,NA,NA,g__Clostridium,s__Clostridium_sp._OM05-9BH,Unchanged
557.5471031,3.339866471,2.886087918,1.157229636,NA,NA,g__norank_f__Erysipelotrichaceae,s__Erysipelotrichaceae_bacterium_MTC7,Unchanged
62.40651343,-0.078342121,2.887701557,-0.027129577,NA,NA,g__Candidatus_Faecenecus,s__Candidatus_Faecenecus_gallistercoris,Unchanged
4123.407171,-0.453791913,1.681368357,-0.269894405,NA,NA,g__Ruminococcus,s__Ruminococcus_flavefaciens,Unchanged
855.2205473,3.198234002,2.080311043,1.537382601,NA,NA,g__Rhabdanaerobium,s__Rhabdanaerobium_thermarum,Unchanged
238.101474,0.519543109,2.885979623,0.180023138,NA,NA,g__Anaerostipes,s__Anaerostipes_sp._992a,Unchanged
140.2484915,24.69944975,3.026460831,8.16116617,NA,NA,g__unclassified_f__norank_o__Eubacteriales,s__unclassified_f__norank_o__Eubacteriales,Unchanged
1139.116153,3.545983679,1.766633541,2.007198209,NA,NA,g__Solibaculum,s__Solibaculum_mannosilyticum,Unchanged
803.4038637,5.301527176,2.887046654,1.836315034,NA,NA,g__Streptococcus,s__Streptococcus_respiraculi,Unchanged
405.9808422,-1.847286562,2.885919105,-0.640103376,NA,NA,g__norank_o__Candidatus_Gastranaerophilales,s__Candidatus_Gastranaerophilales_bacterium_HUM_6,Unchanged
1737.285486,-1.494286023,2.207963368,-0.676771202,NA,NA,g__unclassified_f__Lachnospiraceae,s__unclassified_f__Lachnospiraceae,Unchanged
209.4251075,25.25338549,3.026370318,8.344446593,NA,NA,g__Pumilibacter,s__Pumilibacter_muris,Unchanged
51.81240597,0.500831457,2.88820194,0.173405969,NA,NA,g__Candidatus_Borkfalkia,s__Candidatus_Borkfalkia_ceftriaxoniphila,Unchanged
28.0201256,21.34137238,3.02755713,7.049040354,NA,NA,g__Allobaculum,s__Allobaculum_fili,Unchanged
58.48774507,-1.080682012,2.888323155,-0.374155506,NA,NA,g__Pseudoclostridium,s__Pseudoclostridium_thermosuccinogenes,Unchanged
8494.071723,-2.325004844,2.109021554,-1.102409238,NA,NA,g__Clostridium,s__Clostridium_sp._AF36-4,Unchanged
107.226609,-24.77118251,3.02647818,-8.184821114,NA,NA,g__Acetatifactor,s__Acetatifactor_muris,Unchanged